week	page	idx	width	height	file	report
1	2	1	490	765	w01_p02_01_490x765.jpg	[2026 졸업작품 감염-죽음의 도시 1주차 박신우].pdf
1	2	2	801	811	w01_p02_02_801x811.jpg	[2026 졸업작품 감염-죽음의 도시 1주차 박신우].pdf
1	3	1	423	363	w01_p03_01_423x363.jpg	[2026 졸업작품 감염-죽음의 도시 1주차 박신우].pdf
2	1	1	912	586	w02_p01_01_912x586.jpg	[2026 졸업작품 감염-죽음의 도시 2주차 박신우].pdf
2	2	1	821	948	w02_p02_01_821x948.jpg	[2026 졸업작품 감염-죽음의 도시 2주차 박신우].pdf
2	2	2	890	248	w02_p02_02_890x248.jpg	[2026 졸업작품 감염-죽음의 도시 2주차 박신우].pdf
2	3	1	1248	977	w02_p03_01_1248x977.jpg	[2026 졸업작품 감염-죽음의 도시 2주차 박신우].pdf
2	3	2	339	355	w02_p03_02_339x355.jpg	[2026 졸업작품 감염-죽음의 도시 2주차 박신우].pdf
3	2	1	687	446	w03_p02_01_687x446.jpg	[2026 졸업작품 감염-죽음의 도시 3주차 박신우].pdf
3	2	2	977	510	w03_p02_02_977x510.jpg	[2026 졸업작품 감염-죽음의 도시 3주차 박신우].pdf
3	3	1	602	491	w03_p03_01_602x491.jpg	[2026 졸업작품 감염-죽음의 도시 3주차 박신우].pdf
3	3	2	1078	642	w03_p03_02_1078x642.jpg	[2026 졸업작품 감염-죽음의 도시 3주차 박신우].pdf
4	1	1	855	830	w04_p01_01_855x830.jpg	[2026 졸업작품 감염-죽음의 도시 4주차 박신우].pdf
4	1	2	798	917	w04_p01_02_798x917.jpg	[2026 졸업작품 감염-죽음의 도시 4주차 박신우].pdf
4	1	3	667	336	w04_p01_03_667x336.jpg	[2026 졸업작품 감염-죽음의 도시 4주차 박신우].pdf
5	2	1	887	687	w05_p02_01_887x687.jpg	[2026 졸업작품 감염-죽음의 도시 5주차 박신우].pdf
5	3	1	725	144	w05_p03_01_725x144.jpg	[2026 졸업작품 감염-죽음의 도시 5주차 박신우].pdf
5	3	2	325	294	w05_p03_02_325x294.jpg	[2026 졸업작품 감염-죽음의 도시 5주차 박신우].pdf
5	4	1	791	793	w05_p04_01_791x793.jpg	[2026 졸업작품 감염-죽음의 도시 5주차 박신우].pdf
5	4	2	534	375	w05_p04_02_534x375.jpg	[2026 졸업작품 감염-죽음의 도시 5주차 박신우].pdf
5	5	1	294	458	w05_p05_01_294x458.jpg	[2026 졸업작품 감염-죽음의 도시 5주차 박신우].pdf
6	2	1	211	332	w06_p02_01_211x332.jpg	[2026 졸업작품 감염-죽음의 도시 6주차 박신우].pdf
6	2	2	724	191	w06_p02_02_724x191.jpg	[2026 졸업작품 감염-죽음의 도시 6주차 박신우].pdf
6	2	3	258	395	w06_p02_03_258x395.jpg	[2026 졸업작품 감염-죽음의 도시 6주차 박신우].pdf
6	3	1	788	135	w06_p03_01_788x135.jpg	[2026 졸업작품 감염-죽음의 도시 6주차 박신우].pdf
6	3	2	963	843	w06_p03_02_963x843.jpg	[2026 졸업작품 감염-죽음의 도시 6주차 박신우].pdf
6	3	3	265	472	w06_p03_03_265x472.jpg	[2026 졸업작품 감염-죽음의 도시 6주차 박신우].pdf
7	2	1	594	347	w07_p02_01_594x347.jpg	[2026 졸업작품 감염-죽음의 도시 7주차 박신우].pdf
7	2	2	1187	760	w07_p02_02_1187x760.jpg	[2026 졸업작품 감염-죽음의 도시 7주차 박신우].pdf
7	2	3	1141	137	w07_p02_03_1141x137.jpg	[2026 졸업작품 감염-죽음의 도시 7주차 박신우].pdf
7	3	1	848	671	w07_p03_01_848x671.jpg	[2026 졸업작품 감염-죽음의 도시 7주차 박신우].pdf
7	3	2	1095	301	w07_p03_02_1095x301.jpg	[2026 졸업작품 감염-죽음의 도시 7주차 박신우].pdf
7	3	3	544	695	w07_p03_03_544x695.jpg	[2026 졸업작품 감염-죽음의 도시 7주차 박신우].pdf
7	4	1	416	385	w07_p04_01_416x385.jpg	[2026 졸업작품 감염-죽음의 도시 7주차 박신우].pdf
7	4	2	754	518	w07_p04_02_754x518.jpg	[2026 졸업작품 감염-죽음의 도시 7주차 박신우].pdf
9	1	1	1538	531	w09_p01_01_1538x531.jpg	[2026 졸업작품 감염-죽음의 도시 9주차 박신우].pdf
9	1	2	1541	519	w09_p01_02_1541x519.jpg	[2026 졸업작품 감염-죽음의 도시 9주차 박신우].pdf
9	2	1	811	262	w09_p02_01_811x262.jpg	[2026 졸업작품 감염-죽음의 도시 9주차 박신우].pdf
9	2	2	697	702	w09_p02_02_697x702.jpg	[2026 졸업작품 감염-죽음의 도시 9주차 박신우].pdf
9	2	3	776	97	w09_p02_03_776x97.jpg	[2026 졸업작품 감염-죽음의 도시 9주차 박신우].pdf
9	3	2	560	200	w09_p03_02_560x200.jpg	[2026 졸업작품 감염-죽음의 도시 9주차 박신우].pdf
9	3	3	907	271	w09_p03_03_907x271.jpg	[2026 졸업작품 감염-죽음의 도시 9주차 박신우].pdf
9	3	4	628	144	w09_p03_04_628x144.jpg	[2026 졸업작품 감염-죽음의 도시 9주차 박신우].pdf
9	4	1	855	635	w09_p04_01_855x635.jpg	[2026 졸업작품 감염-죽음의 도시 9주차 박신우].pdf
9	4	2	757	785	w09_p04_02_757x785.jpg	[2026 졸업작품 감염-죽음의 도시 9주차 박신우].pdf
9	5	1	1071	1045	w09_p05_01_1071x1045.jpg	[2026 졸업작품 감염-죽음의 도시 9주차 박신우].pdf
9	5	2	816	565	w09_p05_02_816x565.jpg	[2026 졸업작품 감염-죽음의 도시 9주차 박신우].pdf
9	5	3	551	360	w09_p05_03_551x360.jpg	[2026 졸업작품 감염-죽음의 도시 9주차 박신우].pdf
9	6	1	906	590	w09_p06_01_906x590.jpg	[2026 졸업작품 감염-죽음의 도시 9주차 박신우].pdf
9	6	2	492	399	w09_p06_02_492x399.jpg	[2026 졸업작품 감염-죽음의 도시 9주차 박신우].pdf
9	6	3	583	531	w09_p06_03_583x531.jpg	[2026 졸업작품 감염-죽음의 도시 9주차 박신우].pdf
10	1	1	1399	130	w10_p01_01_1399x130.jpg	[2026 졸업작품 감염-죽음의 도시 10주차 박신우].pdf
10	1	2	1426	1081	w10_p01_02_1426x1081.jpg	[2026 졸업작품 감염-죽음의 도시 10주차 박신우].pdf
10	2	1	634	918	w10_p02_01_634x918.jpg	[2026 졸업작품 감염-죽음의 도시 10주차 박신우].pdf
10	3	1	1375	813	w10_p03_01_1375x813.jpg	[2026 졸업작품 감염-죽음의 도시 10주차 박신우].pdf
10	3	2	997	588	w10_p03_02_997x588.jpg	[2026 졸업작품 감염-죽음의 도시 10주차 박신우].pdf
10	4	1	1117	366	w10_p04_01_1117x366.jpg	[2026 졸업작품 감염-죽음의 도시 10주차 박신우].pdf
10	4	2	1043	497	w10_p04_02_1043x497.jpg	[2026 졸업작품 감염-죽음의 도시 10주차 박신우].pdf
10	5	1	1013	250	w10_p05_01_1013x250.jpg	[2026 졸업작품 감염-죽음의 도시 10주차 박신우].pdf
10	5	2	828	215	w10_p05_02_828x215.jpg	[2026 졸업작품 감염-죽음의 도시 10주차 박신우].pdf
10	5	3	942	234	w10_p05_03_942x234.jpg	[2026 졸업작품 감염-죽음의 도시 10주차 박신우].pdf
10	6	1	288	170	w10_p06_01_288x170.jpg	[2026 졸업작품 감염-죽음의 도시 10주차 박신우].pdf
11	2	1	524	313	w11_p02_01_524x313.jpg	[2026 졸업작품 감염-죽음의 도시 11주차 박신우].pdf
11	3	1	1571	267	w11_p03_01_1571x267.jpg	[2026 졸업작품 감염-죽음의 도시 11주차 박신우].pdf
11	3	2	534	414	w11_p03_02_534x414.jpg	[2026 졸업작품 감염-죽음의 도시 11주차 박신우].pdf
11	4	1	395	625	w11_p04_01_395x625.jpg	[2026 졸업작품 감염-죽음의 도시 11주차 박신우].pdf
11	4	2	436	708	w11_p04_02_436x708.jpg	[2026 졸업작품 감염-죽음의 도시 11주차 박신우].pdf
11	4	3	532	386	w11_p04_03_532x386.jpg	[2026 졸업작품 감염-죽음의 도시 11주차 박신우].pdf
11	5	1	234	366	w11_p05_01_234x366.jpg	[2026 졸업작품 감염-죽음의 도시 11주차 박신우].pdf
11	5	2	253	378	w11_p05_02_253x378.jpg	[2026 졸업작품 감염-죽음의 도시 11주차 박신우].pdf
12	1	1	1204	231	w12_p01_01_1204x231.jpg	[2026 졸업작품 감염-죽음의 도시 12주차 박신우].pdf
12	1	2	490	214	w12_p01_02_490x214.jpg	[2026 졸업작품 감염-죽음의 도시 12주차 박신우].pdf
12	1	3	768	107	w12_p01_03_768x107.jpg	[2026 졸업작품 감염-죽음의 도시 12주차 박신우].pdf
12	2	1	1081	478	w12_p02_01_1081x478.jpg	[2026 졸업작품 감염-죽음의 도시 12주차 박신우].pdf
12	2	2	1181	333	w12_p02_02_1181x333.jpg	[2026 졸업작품 감염-죽음의 도시 12주차 박신우].pdf
12	2	3	809	114	w12_p02_03_809x114.jpg	[2026 졸업작품 감염-죽음의 도시 12주차 박신우].pdf
12	3	1	611	662	w12_p03_01_611x662.jpg	[2026 졸업작품 감염-죽음의 도시 12주차 박신우].pdf
12	3	3	768	367	w12_p03_03_768x367.jpg	[2026 졸업작품 감염-죽음의 도시 12주차 박신우].pdf
12	4	1	748	392	w12_p04_01_748x392.jpg	[2026 졸업작품 감염-죽음의 도시 12주차 박신우].pdf
12	4	2	947	555	w12_p04_02_947x555.jpg	[2026 졸업작품 감염-죽음의 도시 12주차 박신우].pdf
12	4	3	762	639	w12_p04_03_762x639.jpg	[2026 졸업작품 감염-죽음의 도시 12주차 박신우].pdf
13	1	1	1047	724	w13_p01_01_1047x724.jpg	[2026 졸업작품 감염-죽음의 도시 13주차 박신우].pdf
13	1	2	721	489	w13_p01_02_721x489.jpg	[2026 졸업작품 감염-죽음의 도시 13주차 박신우].pdf
13	2	1	931	601	w13_p02_01_931x601.jpg	[2026 졸업작품 감염-죽음의 도시 13주차 박신우].pdf
13	2	2	753	123	w13_p02_02_753x123.jpg	[2026 졸업작품 감염-죽음의 도시 13주차 박신우].pdf
13	2	3	657	200	w13_p02_03_657x200.jpg	[2026 졸업작품 감염-죽음의 도시 13주차 박신우].pdf
13	3	1	771	90	w13_p03_01_771x90.jpg	[2026 졸업작품 감염-죽음의 도시 13주차 박신우].pdf
13	3	2	1333	334	w13_p03_02_1333x334.jpg	[2026 졸업작품 감염-죽음의 도시 13주차 박신우].pdf
13	3	3	1146	96	w13_p03_03_1146x96.jpg	[2026 졸업작품 감염-죽음의 도시 13주차 박신우].pdf
13	3	4	1438	602	w13_p03_04_1438x602.jpg	[2026 졸업작품 감염-죽음의 도시 13주차 박신우].pdf
13	4	1	714	176	w13_p04_01_714x176.jpg	[2026 졸업작품 감염-죽음의 도시 13주차 박신우].pdf
13	4	2	1059	171	w13_p04_02_1059x171.jpg	[2026 졸업작품 감염-죽음의 도시 13주차 박신우].pdf
13	4	3	649	548	w13_p04_03_649x548.jpg	[2026 졸업작품 감염-죽음의 도시 13주차 박신우].pdf
13	5	1	1494	1058	w13_p05_01_1494x1058.jpg	[2026 졸업작품 감염-죽음의 도시 13주차 박신우].pdf
13	5	2	1362	1035	w13_p05_02_1362x1035.jpg	[2026 졸업작품 감염-죽음의 도시 13주차 박신우].pdf
13	5	3	898	374	w13_p05_03_898x374.jpg	[2026 졸업작품 감염-죽음의 도시 13주차 박신우].pdf
13	5	4	1369	177	w13_p05_04_1369x177.jpg	[2026 졸업작품 감염-죽음의 도시 13주차 박신우].pdf
13	6	1	1332	145	w13_p06_01_1332x145.jpg	[2026 졸업작품 감염-죽음의 도시 13주차 박신우].pdf
13	6	2	961	275	w13_p06_02_961x275.jpg	[2026 졸업작품 감염-죽음의 도시 13주차 박신우].pdf
13	6	3	757	180	w13_p06_03_757x180.jpg	[2026 졸업작품 감염-죽음의 도시 13주차 박신우].pdf
14	1	1	1106	732	w14_p01_01_1106x732.jpg	[2026 졸업작품 감염-죽음의 도시 14주차 박신우].pdf
14	1	2	620	330	w14_p01_02_620x330.jpg	[2026 졸업작품 감염-죽음의 도시 14주차 박신우].pdf
14	2	1	673	685	w14_p02_01_673x685.jpg	[2026 졸업작품 감염-죽음의 도시 14주차 박신우].pdf
14	2	3	856	373	w14_p02_03_856x373.jpg	[2026 졸업작품 감염-죽음의 도시 14주차 박신우].pdf
14	3	1	886	613	w14_p03_01_886x613.jpg	[2026 졸업작품 감염-죽음의 도시 14주차 박신우].pdf
14	3	2	1078	678	w14_p03_02_1078x678.jpg	[2026 졸업작품 감염-죽음의 도시 14주차 박신우].pdf
14	4	1	395	342	w14_p04_01_395x342.jpg	[2026 졸업작품 감염-죽음의 도시 14주차 박신우].pdf
14	4	2	754	571	w14_p04_02_754x571.jpg	[2026 졸업작품 감염-죽음의 도시 14주차 박신우].pdf
14	5	1	1283	346	w14_p05_01_1283x346.jpg	[2026 졸업작품 감염-죽음의 도시 14주차 박신우].pdf
14	5	2	705	439	w14_p05_02_705x439.jpg	[2026 졸업작품 감염-죽음의 도시 14주차 박신우].pdf
14	5	3	1012	88	w14_p05_03_1012x88.jpg	[2026 졸업작품 감염-죽음의 도시 14주차 박신우].pdf
14	6	1	388	137	w14_p06_01_388x137.jpg	[2026 졸업작품 감염-죽음의 도시 14주차 박신우].pdf
14	6	2	382	282	w14_p06_02_382x282.jpg	[2026 졸업작품 감염-죽음의 도시 14주차 박신우].pdf
14	7	1	819	94	w14_p07_01_819x94.jpg	[2026 졸업작품 감염-죽음의 도시 14주차 박신우].pdf
14	7	2	562	565	w14_p07_02_562x565.jpg	[2026 졸업작품 감염-죽음의 도시 14주차 박신우].pdf
14	7	3	788	465	w14_p07_03_788x465.jpg	[2026 졸업작품 감염-죽음의 도시 14주차 박신우].pdf
14	8	1	544	282	w14_p08_01_544x282.jpg	[2026 졸업작품 감염-죽음의 도시 14주차 박신우].pdf
14	8	2	609	477	w14_p08_02_609x477.jpg	[2026 졸업작품 감염-죽음의 도시 14주차 박신우].pdf
15	2	1	985	358	w15_p02_01_985x358.jpg	[2026 졸업작품 감염-죽음의 도시 15주차 박신우].pdf
15	2	2	1213	295	w15_p02_02_1213x295.jpg	[2026 졸업작품 감염-죽음의 도시 15주차 박신우].pdf
15	2	3	620	174	w15_p02_03_620x174.jpg	[2026 졸업작품 감염-죽음의 도시 15주차 박신우].pdf
15	3	1	1213	135	w15_p03_01_1213x135.jpg	[2026 졸업작품 감염-죽음의 도시 15주차 박신우].pdf
15	3	2	820	213	w15_p03_02_820x213.jpg	[2026 졸업작품 감염-죽음의 도시 15주차 박신우].pdf
15	3	3	960	264	w15_p03_03_960x264.jpg	[2026 졸업작품 감염-죽음의 도시 15주차 박신우].pdf
15	3	4	688	215	w15_p03_04_688x215.jpg	[2026 졸업작품 감염-죽음의 도시 15주차 박신우].pdf
15	4	1	678	424	w15_p04_01_678x424.jpg	[2026 졸업작품 감염-죽음의 도시 15주차 박신우].pdf
15	4	2	660	790	w15_p04_02_660x790.jpg	[2026 졸업작품 감염-죽음의 도시 15주차 박신우].pdf
16	1	1	691	83	w16_p01_01_691x83.jpg	[2026 졸업작품 감염-죽음의 도시 16주차 박신우].pdf
16	1	2	375	339	w16_p01_02_375x339.jpg	[2026 졸업작품 감염-죽음의 도시 16주차 박신우].pdf
16	2	1	760	322	w16_p02_01_760x322.jpg	[2026 졸업작품 감염-죽음의 도시 16주차 박신우].pdf
16	2	3	1184	502	w16_p02_03_1184x502.jpg	[2026 졸업작품 감염-죽음의 도시 16주차 박신우].pdf
16	3	1	1115	481	w16_p03_01_1115x481.jpg	[2026 졸업작품 감염-죽음의 도시 16주차 박신우].pdf
16	3	3	585	502	w16_p03_03_585x502.jpg	[2026 졸업작품 감염-죽음의 도시 16주차 박신우].pdf
16	4	1	1062	406	w16_p04_01_1062x406.jpg	[2026 졸업작품 감염-죽음의 도시 16주차 박신우].pdf
16	4	2	1279	689	w16_p04_02_1279x689.jpg	[2026 졸업작품 감염-죽음의 도시 16주차 박신우].pdf
16	5	1	830	615	w16_p05_01_830x615.jpg	[2026 졸업작품 감염-죽음의 도시 16주차 박신우].pdf
16	5	2	1078	627	w16_p05_02_1078x627.jpg	[2026 졸업작품 감염-죽음의 도시 16주차 박신우].pdf
17	1	1	928	791	w17_p01_01_928x791.jpg	[2026 졸업작품 감염-죽음의 도시 17주차 박신우].pdf
18	2	1	1603	766	w18_p02_01_1603x766.jpg	[2026 졸업작품 감염-죽음의 도시 18주차 박신우].pdf
18	2	2	990	388	w18_p02_02_990x388.jpg	[2026 졸업작품 감염-죽음의 도시 18주차 박신우].pdf
18	3	1	1488	311	w18_p03_01_1488x311.jpg	[2026 졸업작품 감염-죽음의 도시 18주차 박신우].pdf
18	3	2	892	811	w18_p03_02_892x811.jpg	[2026 졸업작품 감염-죽음의 도시 18주차 박신우].pdf
18	4	1	649	653	w18_p04_01_649x653.jpg	[2026 졸업작품 감염-죽음의 도시 18주차 박신우].pdf
18	4	2	560	266	w18_p04_02_560x266.jpg	[2026 졸업작품 감염-죽음의 도시 18주차 박신우].pdf
18	5	1	1574	499	w18_p05_01_1574x499.jpg	[2026 졸업작품 감염-죽음의 도시 18주차 박신우].pdf
18	5	2	1056	267	w18_p05_02_1056x267.jpg	[2026 졸업작품 감염-죽음의 도시 18주차 박신우].pdf
18	5	3	1136	309	w18_p05_03_1136x309.jpg	[2026 졸업작품 감염-죽음의 도시 18주차 박신우].pdf
18	6	1	1221	499	w18_p06_01_1221x499.jpg	[2026 졸업작품 감염-죽음의 도시 18주차 박신우].pdf
18	6	2	715	796	w18_p06_02_715x796.jpg	[2026 졸업작품 감염-죽음의 도시 18주차 박신우].pdf
18	7	1	1221	499	w18_p07_01_1221x499.jpg	[2026 졸업작품 감염-죽음의 도시 18주차 박신우].pdf
18	7	2	715	796	w18_p07_02_715x796.jpg	[2026 졸업작품 감염-죽음의 도시 18주차 박신우].pdf
18	8	1	1864	1082	w18_p08_01_1864x1082.jpg	[2026 졸업작품 감염-죽음의 도시 18주차 박신우].pdf
18	8	2	952	829	w18_p08_02_952x829.jpg	[2026 졸업작품 감염-죽음의 도시 18주차 박신우].pdf
18	9	1	2017	1106	w18_p09_01_2017x1106.jpg	[2026 졸업작품 감염-죽음의 도시 18주차 박신우].pdf
18	10	1	1262	754	w18_p10_01_1262x754.jpg	[2026 졸업작품 감염-죽음의 도시 18주차 박신우].pdf
18	10	2	890	644	w18_p10_02_890x644.jpg	[2026 졸업작품 감염-죽음의 도시 18주차 박신우].pdf
18	11	1	946	650	w18_p11_01_946x650.jpg	[2026 졸업작품 감염-죽음의 도시 18주차 박신우].pdf
18	11	2	890	797	w18_p11_02_890x797.jpg	[2026 졸업작품 감염-죽음의 도시 18주차 박신우].pdf
18	12	1	1212	1004	w18_p12_01_1212x1004.jpg	[2026 졸업작품 감염-죽음의 도시 18주차 박신우].pdf
18	12	2	463	328	w18_p12_02_463x328.jpg	[2026 졸업작품 감염-죽음의 도시 18주차 박신우].pdf
18	13	1	606	427	w18_p13_01_606x427.jpg	[2026 졸업작품 감염-죽음의 도시 18주차 박신우].pdf
18	13	2	1368	1069	w18_p13_02_1368x1069.jpg	[2026 졸업작품 감염-죽음의 도시 18주차 박신우].pdf
19	2	1	364	391	w19_p02_01_364x391.jpg	[2026 졸업작품 감염-죽음의 도시 19주차 박신우].pdf
19	3	1	556	261	w19_p03_01_556x261.jpg	[2026 졸업작품 감염-죽음의 도시 19주차 박신우].pdf
19	3	2	664	513	w19_p03_02_664x513.jpg	[2026 졸업작품 감염-죽음의 도시 19주차 박신우].pdf
19	4	1	356	410	w19_p04_01_356x410.jpg	[2026 졸업작품 감염-죽음의 도시 19주차 박신우].pdf
19	4	2	270	381	w19_p04_02_270x381.jpg	[2026 졸업작품 감염-죽음의 도시 19주차 박신우].pdf
19	4	3	204	347	w19_p04_03_204x347.jpg	[2026 졸업작품 감염-죽음의 도시 19주차 박신우].pdf
20	1	1	744	342	w20_p01_01_744x342.jpg	[2026 졸업작품 감염-죽음의 도시 20주차 박신우].pdf
20	2	1	457	178	w20_p02_01_457x178.jpg	[2026 졸업작품 감염-죽음의 도시 20주차 박신우].pdf
20	2	2	807	486	w20_p02_02_807x486.jpg	[2026 졸업작품 감염-죽음의 도시 20주차 박신우].pdf
20	3	1	1128	562	w20_p03_01_1128x562.jpg	[2026 졸업작품 감염-죽음의 도시 20주차 박신우].pdf
20	3	2	968	576	w20_p03_02_968x576.jpg	[2026 졸업작품 감염-죽음의 도시 20주차 박신우].pdf
20	4	1	828	776	w20_p04_01_828x776.jpg	[2026 졸업작품 감염-죽음의 도시 20주차 박신우].pdf
